{
  "version": 1,
  "author": "Anonymous maker",
  "editor": "wokwi",
  "parts": [
    { "type": "wokwi-esp32-devkit-v1", "id": "esp", "top": -52.05, "left": -114.85, "attrs": {} },
    {
      "type": "wokwi-resistor",
      "id": "r1",
      "top": 75.5,
      "left": 48.87,
      "rotate": 90,
      "attrs": { "value": "1000" }
    },
    {
      "type": "wokwi-led",
      "id": "led1",
      "top": -30.02,
      "left": 17.14,
      "attrs": { "color": "cyan" }
    }
  ],
  "connections": [
    [ "esp:TX0", "$serialMonitor:RX", "", [] ],
    [ "esp:RX0", "$serialMonitor:TX", "", [] ],
    [ "led1:A", "r1:1", "green", [ "v0" ] ],
    [ "led1:C", "esp:GND.1", "green", [ "v0" ] ],
    [ "r1:2", "esp:D2", "green", [ "h0" ] ]
  ],
  "dependencies": {}
}